{
  "task": "classification",
  "selected_model": "logistic_regression",
  "auc": 0.8412978893797307,
  "accuracy": 0.7381121362668559,
  "precision": 0.504302925989673,
  "recall": 0.7834224598930482,
  "f1": 0.6136125654450262,
  "cv_auc_mean": 0.8459495012172488,
  "cv_auc_std": 0.012378974419374121,
  "positive_rate": 0.2653698707936959,
  "train_rows": 5634,
  "test_rows": 1409,
  "dropped_identifier_columns": [
    "customerid"
  ]
}